{"cameraMode":{"drawMode":0,"name":"Shaded","section":"Shading Mode"},"sceneLighting":true,"audioPlay":false,"sceneViewState":{"showFog":true,"showMaterialUpdate":false,"showSkybox":true,"showFlares":true,"showImageEffects":true,"showParticleSystems":true},"in2DMode":false,"pivot":{"x":-2.715257167816162,"y":-2.2201650142669679,"z":-6.094424724578857},"rotation":{"x":-0.08021470159292221,"y":0.8646515607833862,"z":-0.47383278608322146,"w":-0.14637595415115357},"size":20.326799392700197,"orthographic":false}